,Avg. Annual Profit ($M),Avg. $/ML,Avg. GPWUI,Avg. IWUI,Income Volatility,Total SW Used (ML),Total GW Used (ML),Avg. Annual Profit ($),Avg. Irrigated Area (Ha),Avg. Dryland Area (Ha),Total Rainfall (mm),Avg. ML,Avg. ML/Ha,Ecology Index,Recreation Index,gw_trigger_current_rules,gw_trigger_proposed_rules,gw_trigger_norm_dist,SW Allocation Index,Dam Level
0,23.55304404371688,37.158065325484756,0.5270279868936104,0.9512905454291464,1.5316417791770407,7233221.663441619,2685297.467246246,23553044.04371688,0.07159111876685231,0.9284088812331477,99021.00739229764,52821.74012874645,1.1492053052643645,0.3643898604087081,0.44957577500645113,0.47219403288004874,0.6666666666666666,0.4774647113433403,69.34883618278569,181.64869348298498
1,49.404145141910114,13.940731151151063,0.5829938147776837,1.5461348416856666,0.672146549495296,29931480.567897994,23999537.39919415,49404145.14191011,0.32183981699214803,0.6781601830078521,99021.00739229764,295322.5372845125,1.389980736201944,0.29800159362027706,0.458965721026695,0.3991526283742643,0.5518909410729992,0.157074668742306,71.01882111463982,181.20809088118511
